himss_2012,exhibitor,314e.com
himss_2012,exhibitor,3m.com
himss_2012,exhibitor,itsolutions-llc.com
himss_2012,exhibitor,acftechnologies.com
himss_2012,exhibitor,addondata.com
himss_2012,exhibitor,advisory.com
himss_2012,exhibitor,afcindustries.com
himss_2012,exhibitor,affigent.com
himss_2012,exhibitor,airista.com
himss_2012,exhibitor,alegohealth.com
himss_2012,exhibitor,alertlogic.com
himss_2012,exhibitor,alliedtelesis.com
himss_2012,exhibitor,altossolutions.com
himss_2012,exhibitor,amagine.com
himss_2012,exhibitor,healthlawyers.org
himss_2012,exhibitor,americanmessaging.net
himss_2012,exhibitor,americantelemed.org
himss_2012,exhibitor,amstron.com
himss_2012,exhibitor,antheliohealth.com
himss_2012,exhibitor,antonbauer.com
himss_2012,exhibitor,appdesign.com
himss_2012,exhibitor,argodata.com
himss_2012,exhibitor,ascominc.com
himss_2012,exhibitor,asthmapolis.com
himss_2012,exhibitor,atlanticon.net
himss_2012,exhibitor,atxnetworks.com
himss_2012,exhibitor,austco.com
himss_2012,exhibitor,aventurahq.com
himss_2012,exhibitor,averinformatics.com
himss_2012,exhibitor,avery.com
himss_2012,exhibitor,avispl.com
himss_2012,exhibitor,axiomtek.com
himss_2012,exhibitor,balancepointcorp.com
himss_2012,exhibitor,berrydunn.com
himss_2012,exhibitor,bewatec.de
himss_2012,exhibitor,rim.com
himss_2012,exhibitor,bmj.com
himss_2012,exhibitor,burwood.com
himss_2012,exhibitor,c3cap.com
himss_2012,exhibitor,usa.canon.com
himss_2012,exhibitor,capsasolutions.com
himss_2012,exhibitor,ccigroup.org
himss_2012,exhibitor,clinicourse.com
himss_2012,exhibitor,cdc.gov
himss_2012,exhibitor,centerx.com
himss_2012,exhibitor,charterbusiness.com
himss_2012,exhibitor,checkpointech.com
himss_2012,exhibitor,cherrycorp.com
himss_2012,exhibitor,christiedigital.com
himss_2012,exhibitor,clarityhealthjournal.info
himss_2012,exhibitor,clarityconsultants.com
himss_2012,exhibitor,cleardata.net
himss_2012,exhibitor,clinicalarchitecture.com
himss_2012,exhibitor,clinilinc.com
himss_2012,exhibitor,cmio.net
himss_2012,exhibitor,chickasaw.com
himss_2012,exhibitor,coalfire.com
himss_2012,exhibitor,codecorp.com
himss_2012,exhibitor,commhospital.com
himss_2012,exhibitor,comotiontechnologies.com
himss_2012,exhibitor,cgmus.com
himss_2012,exhibitor,computimeonline.com
himss_2012,exhibitor,ctc.com
himss_2012,exhibitor,connectedts.com
himss_2012,exhibitor,consultadr.com
himss_2012,exhibitor,contingent.com
himss_2012,exhibitor,convergencehealth.com
himss_2012,exhibitor,corporate.cqrollcall.com
himss_2012,exhibitor,crosscountrystaffing.com
himss_2012,exhibitor,cygnusaero.com
himss_2012,exhibitor,cynergyservices.com
himss_2012,exhibitor,dassimplified.com
himss_2012,exhibitor,datalogic.com
himss_2012,exhibitor,datcard.com
himss_2012,exhibitor,diagnosoft.com
himss_2012,exhibitor,dcmsys.com
himss_2012,exhibitor,digisonicsinc.com
himss_2012,exhibitor,docfinity.com
himss_2012,exhibitor,drivesaversdatarecovery.com
himss_2012,exhibitor,drummondgroup.com
himss_2012,exhibitor,dynamicvault.com
himss_2012,exhibitor,eclipseppm.com
himss_2012,exhibitor,ehrscope.com
himss_2012,exhibitor,elbrys.com
himss_2012,exhibitor,electronicwhiteboardswarehouse.com
himss_2012,exhibitor,elliottdata.com
himss_2012,exhibitor,dominator.com
himss_2012,exhibitor,emrapproved.com
himss_2012,exhibitor,encorehealthresources.com
himss_2012,exhibitor,enovateusa.com
himss_2012,exhibitor,innovate.gatech.edu
himss_2012,exhibitor,epreop.com
himss_2012,exhibitor,eea.epson.com
himss_2012,exhibitor,eds.com
himss_2012,exhibitor,everbankcommercialfinance.com
himss_2012,exhibitor,explorys.com
himss_2012,exhibitor,faxstar.com
himss_2012,exhibitor,maas360.com
himss_2012,exhibitor,fnti-imaging.com
himss_2012,exhibitor,findacode.com
himss_2012,exhibitor,freelandsystems.com
himss_2012,exhibitor,fukuda.com
himss_2012,exhibitor,fulcrummethods.com
himss_2012,exhibitor,futuramobility.com
himss_2012,exhibitor,gammatechusa.com
himss_2012,exhibitor,gbh.com
himss_2012,exhibitor,gid-it.com
himss_2012,exhibitor,globalrecovery.com
himss_2012,exhibitor,gnaxhealth.com
himss_2012,exhibitor,greenwaymedical.com
himss_2012,exhibitor,gsihealth.com
himss_2012,exhibitor,gulton.com
himss_2012,exhibitor,haitaiint.com
himss_2012,exhibitor,happtique.com
himss_2012,exhibitor,hdcom.com
himss_2012,exhibitor,hlthcp.com
himss_2012,exhibitor,healtheformatics.com
himss_2012,exhibitor,healthstory.com
himss_2012,exhibitor,healthcaregrowth.com
himss_2012,exhibitor,hia-inc.com
himss_2012,exhibitor,healthcaretechnologyonline.com
himss_2012,exhibitor,henryelliottandco.com
himss_2012,exhibitor,micromd.com
himss_2012,exhibitor,hiplink.com
himss_2012,exhibitor,hitproexams.org
himss_2012,exhibitor,hitachi-cta.com
himss_2012,exhibitor,honeywellaidc.com
himss_2012,exhibitor,hubmed.org
himss_2012,exhibitor,humetrix.com
himss_2012,exhibitor,hyperioninc.com
himss_2012,exhibitor,activetransport.com
himss_2012,exhibitor,icare.com
himss_2012,exhibitor,identicard.com
himss_2012,exhibitor,igihealth.com
himss_2012,exhibitor,imagine-md.com
himss_2012,exhibitor,imagingbiz.com
himss_2012,exhibitor,imorgonmed.com
himss_2012,exhibitor,impact-mg.com
himss_2012,exhibitor,implementhit.com
himss_2012,exhibitor,indukey-na.com
himss_2012,exhibitor,innovatient.com
himss_2012,exhibitor,techpei.com
himss_2012,exhibitor,innovativehcs.com
himss_2012,exhibitor,inofile.com
himss_2012,exhibitor,integracraftusa.com
himss_2012,exhibitor,intelligenthospitals.com
himss_2012,exhibitor,intouchhealth.com
himss_2012,exhibitor,medcomsys.com
himss_2012,exhibitor,iticanada.ca
himss_2012,exhibitor,itriagehealth.com
himss_2012,exhibitor,bulletscan.com
himss_2012,exhibitor,jacoinc.com
himss_2012,exhibitor,jeffersonmedical.net
himss_2012,exhibitor,juran.com
himss_2012,exhibitor,jvion.com
himss_2012,exhibitor,karoshealth.com
himss_2012,exhibitor,katalusadvisors.com
himss_2012,exhibitor,ksikeyboards.com
himss_2012,exhibitor,kirbypartners.com
himss_2012,exhibitor,kony.com
himss_2012,exhibitor,kramesstaywell.com
himss_2012,exhibitor,landesk.com
himss_2012,exhibitor,lantanagroup.com
himss_2012,exhibitor,leafsprout.com
himss_2012,exhibitor,lifenexus.com
himss_2012,exhibitor,lightningcharts.com
himss_2012,exhibitor,linkmed.com
himss_2012,exhibitor,lpa.com
himss_2012,exhibitor,lumeris.com
himss_2012,exhibitor,lumidigm.com
himss_2012,exhibitor,m2comsys.com
himss_2012,exhibitor,mach7t.com
himss_2012,exhibitor,martopia.com
himss_2012,exhibitor,mazikglobal.com
himss_2012,exhibitor,mcpc.com
himss_2012,exhibitor,systemspersonnel.com
himss_2012,exhibitor,medisapien.com
himss_2012,exhibitor,medplus.com
himss_2012,exhibitor,memotext.com
himss_2012,exhibitor,mepsrealtime.com
himss_2012,exhibitor,metasource.com
himss_2012,exhibitor,mindray.com
himss_2012,exhibitor,mosolid.com.tw
himss_2012,exhibitor,mhhealthcare.com
himss_2012,exhibitor,morphotrak.com
himss_2012,exhibitor,moveroinc.com
himss_2012,exhibitor,mzihc.com
himss_2012,exhibitor,nationwidecredentialing.com
himss_2012,exhibitor,netlearning.cengage.com
himss_2012,exhibitor,nextservices.net
himss_2012,exhibitor,novaces.com
himss_2012,exhibitor,numera.com
himss_2012,exhibitor,obix.com
himss_2012,exhibitor,oceaninformatics.com
himss_2012,exhibitor,olympusamerica.com
himss_2012,exhibitor,onlinetech.com
himss_2012,exhibitor,onyx-healthcare.com
himss_2012,exhibitor,optimetra.com
himss_2012,exhibitor,orchestratehealthcare.com
himss_2012,exhibitor,ordysy.com
himss_2012,exhibitor,pacsmate.com
himss_2012,exhibitor,parentalhealth.com
himss_2012,exhibitor,parkplaceintl.com
himss_2012,exhibitor,partnerps.com
himss_2012,exhibitor,patientsafety.com
himss_2012,exhibitor,patientpoint.com
himss_2012,exhibitor,pdrnetwork.com
himss_2012,exhibitor,peerless-av.com
himss_2012,exhibitor,perceptivesoftware.com
himss_2012,exhibitor,physicianspractice.com
himss_2012,exhibitor,pioneerpos.com
himss_2012,exhibitor,pbinsight.com
himss_2012,exhibitor,ptofcare.com
himss_2012,exhibitor,posiflexusa.com
himss_2012,exhibitor,practiceinsight.net
himss_2012,exhibitor,primexwireless.com
himss_2012,exhibitor,proschconsulting.com
himss_2012,exhibitor,protechusa.com
himss_2012,exhibitor,proximitysystems.com
himss_2012,exhibitor,qualcommlife.com
himss_2012,exhibitor,quammengroup.com
himss_2012,exhibitor,questsolution.com
himss_2012,exhibitor,qypsys.com
himss_2012,exhibitor,rammount.com
himss_2012,exhibitor,rapidvaluesolutions.com
himss_2012,exhibitor,rcgit.com
himss_2012,exhibitor,rcxcules.com
himss_2012,exhibitor,rfidgs.com
himss_2012,exhibitor,rlsolutions.com
himss_2012,exhibitor,rmsomega.com
himss_2012,exhibitor,rubbermaidmedical.com
himss_2012,exhibitor,ss-technology.com
himss_2012,exhibitor,chooses1.com
himss_2012,exhibitor,saignite.com
himss_2012,exhibitor,sagaciousconsultants.com
himss_2012,exhibitor,sajix.com
himss_2012,exhibitor,santarosaconsulting.com
himss_2012,exhibitor,scoreboards.net
himss_2012,exhibitor,scantron.com
himss_2012,exhibitor,scott-clark.com
himss_2012,exhibitor,sealshield.com
himss_2012,exhibitor,securecare.com
himss_2012,exhibitor,securityhealthsystems.com
himss_2012,exhibitor,seemyradiology.com
himss_2012,exhibitor,simsrecycling.com
himss_2012,exhibitor,sisoft.com.tr
himss_2012,exhibitor,snowbound.com
himss_2012,exhibitor,soapware.com
himss_2012,exhibitor,softpro.de
himss_2012,exhibitor,spacelabshealthcare.com
himss_2012,exhibitor,spectramd.com
himss_2012,exhibitor,spectrummedical.com
himss_2012,exhibitor,speechmotion.com
himss_2012,exhibitor,startelcorp.com
himss_2012,exhibitor,stingermedical.com
himss_2012,exhibitor,sgi.comtechstl
himss_2012,exhibitor,stratadecision.com
himss_2012,exhibitor,sstid.com
himss_2012,exhibitor,stratusvideo.com
himss_2012,exhibitor,strongarm.com
himss_2012,exhibitor,sunprintmanagement.com
himss_2012,exhibitor,systemsmadesimple.com
himss_2012,exhibitor,talentica.com
himss_2012,exhibitor,crcpress.com
himss_2012,exhibitor,teemagroup.com
himss_2012,exhibitor,tekvisions.com
himss_2012,exhibitor,tempesttelecom.com
himss_2012,exhibitor,tempsys.net
himss_2012,exhibitor,tg3electronics.com
himss_2012,exhibitor,trimble.com
himss_2012,exhibitor,tiani-spirit.com
himss_2012,exhibitor,transformed.com
himss_2012,exhibitor,tripplite.com
himss_2012,exhibitor,ubiqconn.com
himss_2012,exhibitor,virtual-corp.net
himss_2012,exhibitor,visonictech.com
himss_2012,exhibitor,vitalware.com
himss_2012,exhibitor,viterahealthcare.com
himss_2012,exhibitor,vizbee-rfid.com
himss_2012,exhibitor,accunurse.com
himss_2012,exhibitor,wavemark.com
himss_2012,exhibitor,thewellnessnetwork.tv
himss_2012,exhibitor,westlandbunker.com
himss_2012,exhibitor,williamblair.com
himss_2012,exhibitor,windstream.com
himss_2012,exhibitor,winncom.com
himss_2012,exhibitor,xpresstechnologies.com
himss_2012,exhibitor,zcover.com
himss_2012,exhibitor,justzenit.com
himss_2012,exhibitor,zynx.com
interop_ny_2012,exhibitor,isc2.org
interop_ny_2012,exhibitor,3m.com
interop_ny_2012,exhibitor,adremsoft.com
interop_ny_2012,exhibitor,advaoptical.com
interop_ny_2012,exhibitor,aws.amazon.com
interop_ny_2012,exhibitor,aiuniv.edu
interop_ny_2012,exhibitor,arin.net
interop_ny_2012,exhibitor,apcon.com
interop_ny_2012,exhibitor,appriver.com
interop_ny_2012,exhibitor,artec-it.de
interop_ny_2012,exhibitor,austin-hughes.com
interop_ny_2012,exhibitor,axis.com
interop_ny_2012,exhibitor,barracudanetworks.com
interop_ny_2012,exhibitor,cormant.com
interop_ny_2012,exhibitor,candelanetwork.com
interop_ny_2012,exhibitor,centurylink.com
interop_ny_2012,exhibitor,cervalis.com
interop_ny_2012,exhibitor,cetrom.net
interop_ny_2012,exhibitor,cisco.com
interop_ny_2012,exhibitor,cloudpath.net
interop_ny_2012,exhibitor,coloradotech.edu
interop_ny_2012,exhibitor,comodo.com
interop_ny_2012,exhibitor,cxtec.com
interop_ny_2012,exhibitor,datastax.com
interop_ny_2012,exhibitor,dyn.com
interop_ny_2012,exhibitor,elfiq.com
interop_ny_2012,exhibitor,endace.com
interop_ny_2012,exhibitor,eset.com
interop_ny_2012,exhibitor,esri.com
interop_ny_2012,exhibitor,exinda.com
interop_ny_2012,exhibitor,f5.com
interop_ny_2012,exhibitor,filecatalyst.com
interop_ny_2012,exhibitor,fishnetsecurity.com
interop_ny_2012,exhibitor,fortressitx.com
interop_ny_2012,exhibitor,geistglobal.com
interop_ny_2012,exhibitor,gtai.de
interop_ny_2012,exhibitor,gigamon.com
interop_ny_2012,exhibitor,guardiandatadestruction.com
interop_ny_2012,exhibitor,hdcom.com
interop_ny_2012,exhibitor,huawei.com
interop_ny_2012,exhibitor,ibm.com
interop_ny_2012,exhibitor,insors.com
interop_ny_2012,exhibitor,ixiacom.com
interop_ny_2012,exhibitor,jdsu.com
interop_ny_2012,exhibitor,knowledgenet.com
interop_ny_2012,exhibitor,learningtree.com
interop_ny_2012,exhibitor,logitech.com
interop_ny_2012,exhibitor,maas360.com
interop_ny_2012,exhibitor,macsourceinc.com
interop_ny_2012,exhibitor,manageengine.com
interop_ny_2012,exhibitor,microsemi.com
interop_ny_2012,exhibitor,mindshift.com
interop_ny_2012,exhibitor,gomomentum.com
interop_ny_2012,exhibitor,movincool.com
interop_ny_2012,exhibitor,ncp-e.com
interop_ny_2012,exhibitor,netoptics.com
interop_ny_2012,exhibitor,netgear.com
interop_ny_2012,exhibitor,netiq.com
interop_ny_2012,exhibitor,netscout.com
interop_ny_2012,exhibitor,netsupport-inc.com
interop_ny_2012,exhibitor,networkhardware.com
interop_ny_2012,exhibitor,newhorizons.com
interop_ny_2012,exhibitor,ocztechnology.com
interop_ny_2012,exhibitor,opengear.com
interop_ny_2012,exhibitor,opnet.com
interop_ny_2012,exhibitor,opscode.com
interop_ny_2012,exhibitor,optowiz.com
interop_ny_2012,exhibitor,osihardware.com
interop_ny_2012,exhibitor,processor.com
interop_ny_2012,exhibitor,puppetlabs.com
interop_ny_2012,exhibitor,quest.com
interop_ny_2012,exhibitor,racksolutions.com
interop_ny_2012,exhibitor,rackspace.com
interop_ny_2012,exhibitor,riverbed.com
interop_ny_2012,exhibitor,rose.com
interop_ny_2012,exhibitor,sabey.com
interop_ny_2012,exhibitor,sap.com
interop_ny_2012,exhibitor,servertech.com
interop_ny_2012,exhibitor,smartoptics.com
interop_ny_2012,exhibitor,snom.com
interop_ny_2012,exhibitor,splunk.com
interop_ny_2012,exhibitor,storageflex.com
interop_ny_2012,exhibitor,symmetricom.com
interop_ny_2012,exhibitor,synology.com
interop_ny_2012,exhibitor,ovcc.net
interop_ny_2012,exhibitor,tripwire.com
interop_ny_2012,exhibitor,verifone.com
interop_ny_2012,exhibitor,virtuacon.com
interop_ny_2012,exhibitor,visagemobile.com
interop_ny_2012,exhibitor,vyatta.com
interop_ny_2012,exhibitor,waldenu.edu
interop_ny_2012,exhibitor,watchguard.com
interop_ny_2012,exhibitor,wildpackets.com
interop_ny_2012,exhibitor,xirrus.com
interop_ny_2012,exhibitor,xtrant.com
interop_lv_2012,exhibitor,6fusion.com
interop_lv_2012,exhibitor,accoladetechnology.com
interop_lv_2012,exhibitor,actionpacked.com
interop_lv_2012,exhibitor,adobe.com
interop_lv_2012,exhibitor,adremsoft.com
interop_lv_2012,exhibitor,advantech.com
interop_lv_2012,exhibitor,airespring.com
interop_lv_2012,exhibitor,air-watch.com
interop_lv_2012,exhibitor,alcatel-lucent.com
interop_lv_2012,exhibitor,alliedtelesis.com
interop_lv_2012,exhibitor,altimatech.com
interop_lv_2012,exhibitor,amax.com
interop_lv_2012,exhibitor,amer.com
interop_lv_2012,exhibitor,arin.net
interop_lv_2012,exhibitor,anuesystems.com
interop_lv_2012,exhibitor,apc.com
interop_lv_2012,exhibitor,apcon.com
interop_lv_2012,exhibitor,appcara.com
interop_lv_2012,exhibitor,apposite-tech.com
interop_lv_2012,exhibitor,appriver.com
interop_lv_2012,exhibitor,aricent.com
interop_lv_2012,exhibitor,aristanetworks.com
interop_lv_2012,exhibitor,artec-it.de
interop_lv_2012,exhibitor,aryaka.com
interop_lv_2012,exhibitor,aten.com
interop_lv_2012,exhibitor,avaya.com
interop_lv_2012,exhibitor,avispl.com
interop_lv_2012,exhibitor,axis.com
interop_lv_2012,exhibitor,barracudanetworks.com
interop_lv_2012,exhibitor,biamp.com
interop_lv_2012,exhibitor,miniraq.com
interop_lv_2012,exhibitor,bluecoat.com
interop_lv_2012,exhibitor,broadcom.com
interop_lv_2012,exhibitor,cormant.com
interop_lv_2012,exhibitor,cavium.com
interop_lv_2012,exhibitor,ccbootcamp.com
interop_lv_2012,exhibitor,cisecurity.org
interop_lv_2012,exhibitor,centurylink.com
interop_lv_2012,exhibitor,ceph.com
interop_lv_2012,exhibitor,certeon.com
interop_lv_2012,exhibitor,chatsworth.com
interop_lv_2012,exhibitor,chenbro.com
interop_lv_2012,exhibitor,ciena.com
interop_lv_2012,exhibitor,ciphertex.com
interop_lv_2012,exhibitor,cisco.com
interop_lv_2012,exhibitor,citrix.com
interop_lv_2012,exhibitor,clarityconsultants.com
interop_lv_2012,exhibitor,cloudpassage.com
interop_lv_2012,exhibitor,cloudpath.net
interop_lv_2012,exhibitor,cloudshark.org
interop_lv_2012,exhibitor,cloudsigma.com
interop_lv_2012,exhibitor,comodo.com
interop_lv_2012,exhibitor,converga.com.au
interop_lv_2012,exhibitor,corning.com
interop_lv_2012,exhibitor,mobileaccess.com
interop_lv_2012,exhibitor,cpacket.com
interop_lv_2012,exhibitor,cradlepoint.com
interop_lv_2012,exhibitor,creighton.edu
interop_lv_2012,exhibitor,currentanalysis.com
interop_lv_2012,exhibitor,cyberswitching.com
interop_lv_2012,exhibitor,cyberpowersystems.com
interop_lv_2012,exhibitor,dacentec.com
interop_lv_2012,exhibitor,dataspecialtiesinc.com
interop_lv_2012,exhibitor,datarecovery.com
interop_lv_2012,exhibitor,dell.com
interop_lv_2012,exhibitor,deltek.com
interop_lv_2012,exhibitor,displaylink.com
interop_lv_2012,exhibitor,drobo.com
interop_lv_2012,exhibitor,dyn.com
interop_lv_2012,exhibitor,eaton.com
interop_lv_2012,exhibitor,elfiq.com
interop_lv_2012,exhibitor,emc.com
interop_lv_2012,exhibitor,emulex.com
interop_lv_2012,exhibitor,endace.com
interop_lv_2012,exhibitor,enhanceusa.com
interop_lv_2012,exhibitor,enterasys.com
interop_lv_2012,exhibitor,eset.com
interop_lv_2012,exhibitor,esri.com
interop_lv_2012,exhibitor,ethernetalliance.org
interop_lv_2012,exhibitor,etri.re.kr
interop_lv_2012,exhibitor,exinda.com
interop_lv_2012,exhibitor,extrahop.com
interop_lv_2012,exhibitor,extremenetworks.com
interop_lv_2012,exhibitor,f5.com
interop_lv_2012,exhibitor,filecatalyst.com
interop_lv_2012,exhibitor,firehost.com
interop_lv_2012,exhibitor,freescale.com
interop_lv_2012,exhibitor,gdata-software.com
interop_lv_2012,exhibitor,geistglobal.com
interop_lv_2012,exhibitor,gtai.de
interop_lv_2012,exhibitor,gfi.com
interop_lv_2012,exhibitor,gigamon.com
interop_lv_2012,exhibitor,giglinx.com
interop_lv_2012,exhibitor,gcshd.com
interop_lv_2012,exhibitor,globalknowledge.com
interop_lv_2012,exhibitor,gnax.net
interop_lv_2012,exhibitor,gnodal.com
interop_lv_2012,exhibitor,maps.google.com
interop_lv_2012,exhibitor,guardiandatadestruction.com
interop_lv_2012,exhibitor,hd2pro.com
interop_lv_2012,exhibitor,thinkhdi.com
interop_lv_2012,exhibitor,heraklesdata.com
interop_lv_2012,exhibitor,hgai.com
interop_lv_2012,exhibitor,high-rely.com
interop_lv_2012,exhibitor,hitachi-id.com
interop_lv_2012,exhibitor,honeywellbatteries.com
interop_lv_2012,exhibitor,horizondatasys.com
interop_lv_2012,exhibitor,hosting.com
interop_lv_2012,exhibitor,hotlavasystems.com
interop_lv_2012,exhibitor,hp.com
interop_lv_2012,exhibitor,huawei.com
interop_lv_2012,exhibitor,hughes.com
interop_lv_2012,exhibitor,hughes-cloud.com
interop_lv_2012,exhibitor,ibm.com
interop_lv_2012,exhibitor,iboss.com
