Old Billingsgate,16 Lower Thames Street,London,,EC3R 6DX,United Kingdom
Javits Center,655 West 34th Street,New York,NY,10001,United States
Mandalay Bay Convention Center,3950 Las Vegas Blvd. South,Las Vegas,NV,89119,United States
Moscone Center,747 Howard Street,San Francisco,CA,94103,United States
Venetian Sands Expo Center,201 Sands Avenue,Las Vegas,NV,89169,United States
Four Seasons Hotel San Francisco,757 Market Street,San Francisco,CA,94103,United States
Los Angeles Convention Center,1201 South Figueroa Street,Los Angeles,CA,90015,United States
Orange County Convention Center,9990 International Drive,Orlando,FL,32819,United States
Busan Exhibition and Convention Center (BEXCO),,Busan,,,Korea
Koelnmesse ,Messeplatz 1,Cologne,,50679,Germany
